surface_element,atomic_radius,electronegativity,ionization_energy,electron_affinity,valence_electrons,surface_energy,work_function,band_gap,d_band_center,coordination_number,lattice_constant,surface_area,water_distance,water_angle,adsorption_energy
Si,1.591267371675428,0.742618899851593,6.861115107808491,2.3828683498993875,6,2.0647284410925226,5.534349684350663,2.2187510965228556,-1.1292429359917209,9,5.188524685957191,36.59939613903981,2.532607527738205,114.2790526501318,-2.3287215547636233
Mg,1.2109885196605412,1.7849434248203233,4.153839827959007,0.3200977503403082,1,2.7149443705904677,5.2830719728289965,4.3407112718875265,-2.7326267036519503,2,5.296538696973329,20.41147430264012,2.0618293305301822,116.45069588768393,-3.1557449000481363
Ca,1.9130691409658205,2.565499702296099,5.878785816097583,2.552182380049364,2,2.039657970455761,4.878660964894246,0.8857489472369295,-0.7341887385095762,6,3.476724503008061,46.28780122823319,1.7502903025481293,116.0791701510504,-2.84950888366272
Si,1.4368808744336672,0.6745807865253308,8.44321598614658,2.2379235766461543,5,1.0823986868840845,3.3937346330471625,3.4631297611308227,-2.6168595490942956,4,4.830675448432924,36.82929247623336,2.1457940076933113,111.05001934815778,-1.9488281889811463
K,1.8330198957407324,3.2456411828794414,6.362590573064482,1.2255548788077508,4,0.5610019538913451,3.0975785384737557,4.190576448240551,-0.521797109242415,4,3.4060622468330566,32.4176252392176,1.713891216122863,110.40339784621503,-2.4879694469607108
Ca,2.7665605178377364,1.8270566891933133,9.89700235465853,2.798814201299864,3,2.6752471847523247,5.762543543447061,4.723071097370116,-0.6539157369888424,5,5.254125258087138,14.439578768539242,2.8351455527757126,102.85751922678824,-2.5036552958809843
Ca,1.648690042010548,1.2193620774722098,5.637172789565586,2.972788429372172,4,0.5531735271259679,4.849950943562214,3.4162401414482293,-0.8737659067710708,3,4.970865468801419,27.882221752257017,2.018816191106786,115.50692300806271,-2.2135331434274006
Si,1.2441759094013467,0.7816198702438752,8.247048099832504,0.6150054301597118,2,2.6867541817104987,5.389611872928529,2.4858738200421366,-2.8915188584257137,1,5.869843863250374,28.41433084807705,1.7316896208349857,105.42818760893428,-2.7475677778995036
Na,1.7125956761539498,1.0485979913219219,5.750926142852014,1.1376857548914012,6,1.82234283506803,4.44456705453765,3.089236201006069,-2.090614932164014,8,3.2068740490692633,44.582544380906796,1.5381716398586263,109.93390845635894,-2.151599274264136
K,2.8136568830915083,3.3038419920191293,8.8041495449456,2.7793482707691335,4,2.8476692462822406,3.3519245668871833,4.344524922393591,-2.2106622902674715,5,3.171164163453763,31.865928807511537,2.4687335794297263,105.68548185855033,-2.6488408204354816
Si,1.5442644987692706,2.414811781530051,6.983570284160233,2.1647896522538312,1,2.4969580894341634,3.3755573766076514,2.8530487331941483,-1.9195907775854426,3,3.8465612240796005,25.216021958816384,2.4553534761821147,102.67656725999386,-2.4755995415833403
K,2.2953802410827246,2.0500887722797,3.4445828071300095,0.14428393189226307,2,2.994835276333344,5.056695861686914,0.1519352984841843,-2.7370717597084844,10,3.7851170512077177,49.07201314042637,2.0109062498719377,112.59115393783473,-2.849313732591003
K,1.0010407539906316,2.4713339855005003,3.2577530734519398,2.344543445254245,6,1.3767795386292754,4.290917684698388,4.654743477534889,-0.18912653090681175,7,3.7409363972159992,14.428823733052628,1.6075678332714765,101.08664069645808,-2.6980361284640133
Ca,1.705137712668338,1.8070186960336732,3.936964831604432,2.483822661532476,3,2.4179707223278175,3.60157418010101,3.447633755157806,-1.3385932778628713,7,5.7187637415631105,26.901937132477784,2.114443342342848,114.972904682524,-2.224648754669923
Mg,1.609562516316058,2.6901179496854555,3.095703753788981,2.2515057742959406,6,1.5048272840231054,4.47478364022431,3.3825669288862326,-2.0834270680259293,1,3.748638599548518,11.680987006856212,1.9668262425950904,106.35173590522233,-3.164937926608374
K,1.3293117062858835,0.6431483830749464,3.527513422467236,2.398611392758547,1,1.6996890507597722,3.192626811225402,1.0783757619885859,-1.8090554487771497,9,3.8158491783858928,39.59616483067721,2.515680959602514,100.0026938600897,-1.4785572614693623
Al,2.068178838750884,2.198111631482229,7.842000780182384,2.4753980300783915,2,2.068763658045925,4.745914205743196,3.2944273511632858,-1.658392378485493,2,5.2781947872538915,46.72306208796603,2.4086688741790354,110.22258278474459,-2.569399105815969
Ca,1.9696599427179664,0.9759393429274731,6.740423925206242,0.5592149603644323,3,2.684192785465847,3.806980213305293,1.9693220282707924,-1.1982169999181482,5,4.34921952735162,21.201493182019576,2.04689059229631,100.93703817055206,-1.5419788631716886
Na,2.3848720657805407,0.8604939434169265,8.249375246289802,0.7070752381949993,1,2.9602086729982378,5.392677301911565,3.2561648852074603,-1.4529617169105067,5,5.330131670865544,44.33366707196483,1.826838831382485,105.52339115641799,-2.1392330211468247
Mg,1.538824667597043,1.5256390001492046,9.3921602658035,1.9012756911605317,6,2.4206835346612956,3.9310858767707213,0.5329651515399536,-0.24182408035674818,8,3.196098472693156,21.68872921847591,2.9820539492333875,114.13952974911433,-2.042284526776797
Al,1.4882510444955483,0.7753971974403256,7.096046726278304,2.723598391387548,1,1.5444169554183345,4.3656604472454035,3.2892265230151803,-1.5091095512825092,8,4.462713581020153,46.43080646575661,2.1810024317941723,101.25379243243732,-1.9899445302034484
Al,1.3365820843458611,0.7824709648056803,8.082845908502936,0.9485897468894838,2,1.5533925056926754,3.034861619724302,4.997068628853333,-0.02352595553006198,7,3.100840800549848,40.158476143871354,2.532411353670356,116.78676984712004,-1.052685182899773
Na,1.4375284391461405,1.4342399281738825,8.299568414297191,1.7649200273851702,5,2.343955753972229,3.2173406633836765,0.24106019430278014,-0.4457251267647129,7,3.1879596103660637,42.19627107365754,1.710829451367541,100.07639845317166,-1.6000938850038648
Mg,2.1162040040346826,3.4385315858645256,5.644953844930505,2.0489461902513972,1,1.0969428644207557,4.177480669220055,4.885870921106586,-2.3744684569279926,11,5.719312360033233,10.72026222401818,2.2283845494890966,104.93647738403804,-3.251038303063866
Ca,1.8076723421160816,1.0259908096680155,4.687593826307423,1.3558458038971177,1,0.7761852828284866,4.43981650415137,2.034539803614353,-0.20821435606825123,6,3.4177361133527855,48.51241428296104,1.5413050798041983,114.81808112304142,-1.7254006517892602
Li,1.1297844942179631,0.5514833054952507,4.435317299545675,2.141347364565978,6,1.3865553941019413,4.800061644357911,4.353767251686296,-2.6509008063435715,6,4.5972620468256515,39.066839682812926,2.258182676865675,106.32540299458614,-2.5139506441556763
Mg,1.5078308278686894,2.7900932690117326,4.760097076582589,2.6990023358765196,6,1.2180974791352044,3.8749877361279097,3.9119274202913674,-0.5476508745264255,11,4.23328680780212,22.190043815445332,2.9460261106765535,102.03784776132026,-2.671789793286529
Na,1.4937521256772024,2.9207389311523384,4.923122579181362,1.8723046325455128,3,1.240770301139975,5.0849456583796275,2.8350813049333388,-1.8581301195702598,9,4.042029978776528,43.17578659435388,2.0763100694787004,107.20467837600856,-3.5262672542411444
Al,2.3926085456795767,1.5389129632682024,4.450593543056395,1.6193431857438991,6,1.0840193776247748,5.580367191567614,3.6922460462566327,-0.3660770386647916,6,5.699500037061817,21.260847936597198,1.5584940188623673,105.4078657276905,-2.3100790204553894
Ca,2.424541179848884,1.8940214388188341,9.147544672354346,1.3162340261650172,4,0.6052329740909047,5.339552966680049,4.39257780650674,-0.3958299296776491,2,3.0654701903264687,44.910153582645115,1.5464336863790153,116.8542380432111,-2.363225188090292
Mg,1.2961738599067998,2.44932104792829,8.2989939252056,1.732458812718377,2,0.5446848368335345,3.1188564760450714,2.0207016082551648,-0.5822237996471364,2,4.991369058526767,14.50321561647748,2.0819801399203044,106.26695835170287,-2.2151783190593974
Li,2.9954809700978835,0.6441767725911012,3.3282752745385396,1.0660873554551875,2,2.9693059743400787,4.441520841773487,1.6351658078161935,-0.6299086910788159,5,5.890183302640651,38.14743909843183,1.740037404694791,115.77864943552015,-1.4133271378653003
Li,1.53356202855057,3.347437194774158,4.880707374177152,1.1744463306045057,5,1.569432834339656,3.3147905352545246,3.3379669278179236,-2.0859625827058776,4,4.680504550385526,31.62793906579641,1.5350281444922789,117.8374428962147,-2.9587336288183566
K,2.953229911665306,3.1600411618941426,3.1552931942121116,1.5955724390645218,5,1.4608166178992041,3.7261350475875825,4.039229709706293,-2.7572421508462437,11,5.810467386099275,13.861378807817633,2.634320420925265,108.6763483915306,-2.7846120457191423
K,1.8220740266364626,1.2826808700251418,6.487156306521251,0.1998573371724509,2,2.199118206732675,5.959987779801439,3.811425673883079,-1.7910594637045156,2,3.1567736378580715,19.67575313035356,2.187784513322836,118.19886287708783,-2.916542302152486
Si,1.0661014658010968,0.5459136208711542,6.333474877523099,0.687076172774389,5,1.0456347196626603,3.4274866287045396,3.9890682442931724,-2.479426455040474,3,4.256379957222484,10.496161451092592,1.9338671579589817,107.54636107926386,-1.7861069446542344
Na,1.690142496053366,3.3003089242384487,8.819600430437507,1.6285479318402267,3,2.8749029598755635,4.496664460354069,2.177916574064665,-0.9151467332926151,7,3.7804733728861537,28.750718618580233,2.850124774524721,119.28156832980216,-3.2006060663552325
Mg,2.2687026894027276,2.0031196517457777,5.154440678397346,1.2945844294093278,6,2.4658625360388804,4.854467202954357,4.089171080875108,-1.9617008203866435,8,5.19246289494219,22.050610430400013,1.6742084403007884,101.78579049051146,-2.8117110376075516
Mg,2.3614109031095336,2.1181323452001877,8.714700146491436,0.9984473577374529,2,0.7235275057806487,5.107394911632312,0.6010452768530422,-0.07316939742025541,6,5.94389127149174,33.934299371910356,2.9338782434329786,113.74038533006485,-2.542646192840529
Si,2.0618691666342728,2.5518913081944232,9.77581635807876,2.1916474104279042,5,1.543951939462321,4.678946050460742,2.722445489804248,-1.077083767964004,11,3.7695901873327435,21.88951230834469,1.9709500760660292,109.87628080913858,-2.9047061245656227
Al,1.8955663291461833,2.3475534931697415,3.618857563559526,2.081152822210015,2,2.6977957689054115,3.029312542257551,0.028793302490607853,-0.5325583090969173,5,4.962523804422224,21.996764460279387,2.832605508463022,107.75297610911294,-1.8985923349057994
Al,2.105786178142656,3.3316748136822714,8.54272487628743,0.5001922799801495,4,2.8618300557285257,3.9793839247319758,1.6229291495013514,-2.602425981774455,1,3.59429289827922,39.727727949264136,2.404414314719192,112.65423757497202,-3.131299775828404
Si,2.185393447758787,3.332754791375502,7.129691279963453,2.635887346120315,1,1.6685037781246743,4.553134930154134,1.8323076743569895,-0.4139565531821323,8,4.69599076371483,11.925713439134139,2.740061039612231,114.07714183268662,-2.9047526346073793
Al,1.1617066526654305,3.1015968006650114,6.360321769129326,1.4862708792118968,6,2.0335284730267693,3.2635994974345,1.980863458046277,-0.2317284284598169,3,4.391797460065009,46.11579980767949,2.976019744815696,100.08726539300618,-2.4952987239506452
K,1.739308912122809,2.4092107923380337,5.943750450655525,2.224382733417136,2,0.9175848652301881,4.051880793627542,3.477336033449311,-1.5388142435431922,6,5.916015988894611,44.09055497564726,1.9326081567281186,103.33906177494397,-2.492132003080118
Mg,1.4843198765548518,2.9028478840471994,8.492677847610167,1.719452547772166,1,2.9779215653424416,3.0996093263741,1.9427905063517286,-1.1812411867470676,3,4.8255818180893995,36.71218732905626,2.9417032281113897,114.26092101268637,-2.541446600038709
Si,2.6062795127597917,2.5315050271489454,7.4755294988196965,2.99307784777153,5,1.0791792534586084,3.2357354914650625,2.2434681131126535,-0.7055705972910138,7,4.048519116260456,33.728862804295375,2.0842228423536304,113.32770827156413,-1.8786292280669215
Mg,1.9406012688920768,2.2201011250158,8.635312672635532,2.257209360116468,1,2.856829435337814,4.190769828604788,1.1877206543716374,-2.4754841182187626,7,3.3422873546638003,45.69209992558609,2.0782678571053834,119.32095010257355,-2.8572364876665324
Li,2.966846281789686,0.8855010597017305,9.322057410736384,2.120941383730377,6,2.124116622480921,3.3981472621291813,1.8662589581467004,-1.4923017706096728,9,3.453740486204804,17.41320718114858,2.0105806563817588,115.22075580501566,-1.0725449296612315
K,1.7976488848891061,2.933612530208009,7.3208459846810445,2.335715817152253,2,2.019341987197148,4.702622544784674,1.1363481363157573,-1.8040109166830607,5,3.6759507898537054,13.158766487633144,2.3121114110213776,119.01545415462675,-3.2938459247095704
Ca,2.632863746438768,2.961918427231866,9.863239075646645,0.42938395664540885,4,1.7817212775412714,5.068394907411797,0.3659796188422182,-2.5608780235132524,8,3.752899984020894,19.580406796381524,1.7312175647677306,114.05081003069614,-3.301641769255716
K,2.596690249969102,2.3778190103047185,7.256614946793197,0.6136337795083898,5,1.0766745292943967,5.401760097327249,3.0172429669068896,-1.8973967331254058,10,5.551848173523414,41.78313114800761,2.3305672280370167,105.96104417278886,-3.009856767090919
Si,1.301435087930859,2.961280531313804,7.456510251355978,2.1421922466708425,2,0.9413200800137707,3.6004507327344304,3.3410639927750814,-2.7954830718435195,10,4.683668364847575,11.386810669059333,2.312557218615006,102.10729844501714,-3.2421137464123415
Ca,2.016397553481437,2.454454315573364,6.88370925979558,1.481944461392588,6,1.0512155226754385,3.502447746777209,3.0974517300480726,-2.922564279151539,8,4.5701727341230995,33.31227340333959,2.6428527189073048,115.63647726689871,-2.604542288542586
Li,2.3916256135817635,1.1200530796302361,3.6370146373593117,2.26390587558035,5,0.9660956553606364,3.313703521003201,2.3174702190028618,-2.5945011325355316,1,3.3443066156076524,49.817500647652395,2.7504749429063784,112.88298442951832,-1.6655301038288277
Si,2.7167176096274397,1.3218833819634013,8.084779228551598,0.30874809223243505,3,2.448961183916883,4.9092907486309105,1.898928900896149,-0.11065466523247824,5,5.580419080048305,44.227843753501574,2.160662025468636,100.96372024786592,-1.8507150076904837
Na,1.6519178104037695,1.1437673591251225,6.832124148293781,1.6094440544537842,1,1.3753131479168252,5.119427179460704,4.316668247859126,-1.3514113923149491,3,5.168442909625451,30.857827561743576,1.9534998740272407,107.20100931801957,-2.5483862498918093
Mg,1.4404820951310966,1.6317772496839276,6.156373131912731,1.136464696670747,6,0.6446066914084909,3.094758434476926,2.5954089256810904,-0.10253351654034004,1,3.2030050857000045,12.545636371465694,1.8890023459756418,119.13599630968572,-1.443815449916302
Li,2.422299064876036,0.6168893969307009,9.37329894882291,1.3710006578450349,3,2.9227565753520284,5.808636738731069,2.395909388148655,-1.702506365009604,4,5.123505291689306,43.25494057542839,1.7919357550573078,110.00802291420402,-2.190787867846723
Mg,2.619002092279431,2.3547616530136786,5.085716160793654,1.8118736162175375,2,2.7094647124085642,3.155913850954417,0.12821032903217844,-2.0645516007442213,8,4.630614652027939,33.95914032708842,1.5864713732985374,108.65458272039409,-1.8035338549886255
Al,1.6973319745834587,1.5096626446661796,6.665215932105078,1.5068650423875904,4,2.8193807079880324,4.623889005903211,1.7062391381307818,-1.4815744114792677,3,3.2451760372403347,14.597319882382674,2.01367196825207,109.15399210318589,-2.4720131386038195
Na,1.1923531021828415,2.4671679061422265,7.883493100454244,1.6195819113385101,5,2.9872695566160883,5.127181558352749,1.9009780939292853,-1.6814649341012697,10,4.37490192458597,13.754291392934249,1.9053715381961749,104.17765448010327,-3.167255409759917
Na,2.881046528979208,1.6561898628966951,8.57530242971714,1.4590724459868234,1,0.9347381230487182,5.612907371238257,1.9941139044845024,-2.6830059472147685,2,4.454088861390141,46.3850727774637,2.949626078799611,107.3741434172959,-2.6676177219534254
Li,1.7951440421750446,2.5448410069183693,6.215427655623207,1.2268655312564798,5,1.490605047256647,5.1422607963972835,2.9008618461366615,-1.0775210559293813,11,3.4973236204898273,36.76801051752314,2.336563239375066,107.39626511974353,-3.035343330861197
Na,2.03550270105496,1.52187370839272,8.894639905130967,2.3156459417947355,2,2.395596189260228,5.405184249209375,2.6680127336343924,-2.351885452471201,9,5.837094441000847,43.17147197267022,2.020915558545761,101.04710040374945,-2.64163174395194
Ca,2.675420211814656,1.2820835847077094,8.382424189207782,0.03660921695413355,5,2.2400515451344805,4.018350577628418,3.039525463967223,-1.1412361353065112,10,5.549926114441986,45.15915601129069,2.370701401490544,115.35135257035836,-1.7145441876835052
Na,2.3513802340785617,1.9881123628802184,3.463651844963061,1.795328103615681,1,0.8847397658496376,5.444475341239537,3.8244163077106412,-1.0493967228055399,5,5.007067011987325,32.87089408193289,1.7087950520185433,108.33008863807758,-2.712400734215924
Mg,2.4704322384815445,2.578671076075818,3.3210288648324306,1.6965250419689215,2,2.5395828124765445,3.2403445391540253,4.064928693580468,-2.5439254406140557,7,4.386886683001822,30.69785407020165,2.1660656238033043,116.44359773632847,-2.7002717594717054
Mg,1.4181432414754274,1.545009813359592,7.345639790954639,2.1485372241988565,5,1.0611014295916517,5.684449968181583,3.590615381132472,-2.8159511186679955,11,4.235296624753525,27.21709641283961,2.439351482131596,117.0069600223979,-3.1431293398691365
Si,2.082895947655132,3.3099444555671216,5.431893857577899,1.7970880943319796,4,1.0595440370565576,4.6427771284612085,4.777618479774674,-0.6577152417946808,11,4.952920401452863,22.677863511644773,2.2333467476886772,104.23988109397317,-3.1513083343986814
Mg,2.391568798690164,0.6175589800269388,4.4639155375496,2.480396483427235,6,1.8424360572335339,5.451893309887481,0.09116291338180815,-1.6205987286920394,2,4.636295608220717,27.38383843434847,2.102668200981486,113.14706964340257,-2.1512580396693717
Si,1.4571000435945993,1.7538380951467363,7.057549541302169,2.8772243836920834,2,1.9823498371042578,4.3569548535549005,0.9788899284177305,-2.8255086134835725,9,3.1868193176456567,40.955186229206255,2.990772583349547,109.44563608325963,-2.8502946624881664
Mg,1.3499098541918724,3.4027416545607423,5.390942473195816,1.0275727715356302,6,1.9502155195945279,4.930733085589575,0.0378143748907106,-0.015401048490698344,9,4.5375079463109955,34.07693724060526,2.8204721432233906,117.6031347584297,-3.308394468888605
Ca,2.9643366866588714,2.1439156497442617,6.760843916998491,0.6820529490899611,2,0.7287170934943872,4.57920798280834,3.237373570773015,-2.8266583170109003,4,5.4192108516985185,45.70093159819385,2.43510893723916,104.31481358352909,-2.5352836523782414
Si,2.0332717825420286,1.7704128269243555,6.220834112885004,1.2707905872614487,4,2.693652156575951,5.194768565265996,4.490152744749935,-0.9148943134243406,4,4.377719632790875,27.73520057516751,2.3540660417734243,113.55626400620088,-2.5349970111859603
K,1.521658349660818,2.205560851249875,7.093362741644076,0.8637888494271784,6,1.164000106471765,3.2448899460917686,1.2174114828814964,-0.04896322420975929,6,3.155869732662805,34.28358314875016,2.430990719736876,112.15504244505445,-1.883067414954771
Al,2.9925073995158487,2.227773725774254,5.802103422371969,1.8448507894579633,3,0.8237873032070104,3.1810562519716914,4.635172723981533,-2.2824596873522234,10,5.358834598152099,35.25230212367955,1.8019681617336498,105.90602955143666,-1.8184861277329305
Li,2.9308387025775873,2.6949432658989205,7.883673015878522,2.7355572265288943,1,2.721870199672443,3.7413097020304393,0.30133695144780426,-2.5732518939384112,10,3.604091346407923,33.66788649225302,2.092706614896478,102.73201807302345,-2.516273875443826
Mg,2.116586907214195,0.8830691882673968,4.260470906445089,0.4173485824291856,3,2.8891287455743835,3.478634040339565,4.672180134027571,-2.635845181732713,10,3.7758625046641163,38.10535092342065,1.559189299336349,113.03279520954553,-1.77303789865342
Na,2.7652726863786796,1.2500493476483139,7.875510263589553,0.3023838090476595,5,2.6553190431636264,5.615350699776605,1.758113436198172,-2.0901745572972135,6,3.494119060296888,19.49733873499225,2.2133190562302403,114.77194916264662,-2.363845293914437
Mg,1.3774142166827588,2.2416320370317298,5.881628500502696,0.7680465955609866,4,2.523790186812195,3.657641962074133,0.5071041422460826,-2.69686256696806,1,3.9906451946144927,30.494551101831625,2.314536875936495,106.312546875267,-2.6063163228603097
Na,1.5577427051843638,3.1013498216291664,9.12022323398092,2.1782867581872023,3,2.1381049515975543,5.927595767457394,2.4293587959316283,-0.9235159749176045,9,5.270254517065905,14.168992112333907,1.8416246041548143,112.89665208044627,-3.565034514415448
Al,2.4007156599455426,2.185600076431321,6.606652384049476,1.7788887157764646,2,1.8771434265228484,4.010687375313321,1.2838828386025396,-2.813124605609812,2,4.558157578511812,25.3804531057925,2.9460432707482704,107.90261815223006,-2.6347030921532233
Al,2.693322284476612,1.2157905793710206,9.81177244489073,0.30663799267559877,5,0.7174668997785254,3.5463537470660977,1.4243645098096143,-1.4717336155506309,5,3.6146438224521376,29.506682744850576,2.864181916405863,114.26413766565236,-1.4705213197289317
Al,2.712648583756185,2.5395343397007375,7.2135477687867215,2.7562515667822396,5,1.5211330326767467,5.369095521427438,1.5364498246314329,-0.009909438441069618,9,5.633490234456122,36.088970381818896,2.5832148531838586,103.98430549788107,-2.5946456305779733
Na,1.8090162542443802,2.7197262813421235,4.566943461344244,2.3702539113722603,3,1.431721292530785,4.976123326502629,4.015129489163317,-0.5580891914819435,4,5.638745564854588,48.02124210344814,2.300079943148044,117.80430005272349,-2.813972539160222
Mg,2.7755401975219196,1.2147084572119384,8.752534457911144,0.06906781436291254,3,1.1493844594008156,4.4945871493594165,2.695806383376272,-1.1543416853069672,11,5.61173527513802,34.026042661934234,2.8049537394715274,105.74819192931159,-1.8606825751083285
Al,2.7018568975350252,1.6331866585288846,5.415578394756707,1.9541016329647385,4,2.3085502842214622,4.666090652812894,1.5565384957800181,-2.081239137640165,3,3.716388634144618,39.74375664706239,1.6959785157351943,107.35571975512306,-2.455381377772117
Ca,2.8712699884418953,2.1029824205916903,5.433334501378784,2.313740005559214,1,1.7396893376969271,5.157605334816791,3.0516689165545916,-1.1283124911250846,7,4.3537180325429645,30.25064237980811,2.685764691412327,101.161839041607,-2.409791165876983
Si,2.570681302227887,1.9896835720492332,3.2226327703961557,1.1233061091612662,3,0.7026155397691198,3.685364223993896,3.580753371115968,-1.418875608265045,6,5.954968968422625,35.364161255053254,1.6872312209502724,102.23024424642553,-2.2373950449325286
Na,2.337976509428457,1.6688542586576105,6.84100716445186,0.20676461810165636,3,1.0504580048745282,5.989001748170226,1.3631200036676687,-1.7217498483288856,8,5.316037428929971,12.837288645350938,2.6913159938241082,110.31723805424656,-2.946136185823769
Na,2.1613732428729096,1.3929055235279326,6.7409645261276605,0.23196319646636177,6,2.20814690914899,5.924379486440349,2.0677455076267575,-2.6078688697794017,3,3.0815022636766796,20.17566323367388,1.9136513523770353,105.35185353455942,-3.041685908565943
Mg,1.7445655331234862,0.7999546614855901,5.4919403899039025,0.3127408981554285,2,0.6903271487257505,4.95097705904081,0.6094304666847378,-0.3401873542785996,5,3.195613773781476,24.474123728205548,2.8156358715272836,116.70960451484389,-2.028029432368368
Na,2.8802668849155566,0.6604558902421067,9.259520840271481,2.5213188959412687,6,2.628017285121922,3.5986273527874353,0.9057467476734016,-1.6506460535360326,10,4.391794130436998,28.899734200260543,2.916063140738097,100.29386777309908,-1.3106311785640767
Na,2.9473276735106344,3.375624490649595,3.9012387880975075,2.732058594767139,6,1.7378663175349358,5.040684727293874,3.405589269824914,-2.416132464537705,4,5.7276606175846805,11.82594982009535,1.7231939541076735,107.58188097343873,-3.1813769701215344
Al,1.5678419494749314,3.0414294322867694,5.310696593171087,0.3684323455372014,5,1.70146644331662,3.2165952269375273,0.9071917384781347,-1.8967219473681312,4,4.616105393858143,15.600963902132708,2.1940134075980904,106.74691093538185,-2.6342890696489056
Mg,1.610727720688787,1.5647155713881618,5.251079352760203,0.7077181037852436,1,1.981019461648794,3.091957506617418,2.6258169183353006,-1.757610742413219,4,4.493437524102871,21.07257231165223,2.971481067244028,100.38655261835203,-1.9126176888163067
Al,1.9712275071724532,3.370402655379369,3.6460341036012225,0.4965615311018693,2,2.561702414812873,3.773048665533641,3.5452313086121636,-0.5173863132993772,10,3.316421099869892,48.86130763604203,2.2251111539597197,102.4873679800102,-2.593167457225375
Si,1.8968482859724947,2.53030971327291,6.3680177583940525,0.558962638482362,4,1.3695230197554826,4.3878688702179485,0.5343846154737192,-0.799156858315794,8,4.970340314172882,23.25388028412203,2.795321283771818,108.27285349837271,-2.7173090061116825
Si,2.9889149252216414,1.9475628489279275,7.8144930196725815,2.5124723670074762,4,2.195040381397659,5.6048175162251415,2.836561098144518,-0.6920853190759804,6,5.4663094818006766,29.2816423244833,2.38309728319698,109.85729168894893,-2.57727935577744
Al,1.3518505053546908,1.979076973315415,6.581599094830828,0.9964392379648168,3,1.9143299099894777,5.181507209298924,1.2828139185068188,-2.966906206714058,3,4.141260022522687,17.843908509535716,2.0629948618794027,108.08579494509738,-3.163607794189023
Si,1.0361507272310417,0.7498532335857789,4.098843779013356,0.9343327921369236,3,1.1675706754235533,5.228119563599943,4.814634376187899,-1.7515380054607155,10,5.326835552775982,34.43120284303073,1.9286753332888054,110.61875356824187,-2.447672502223433
Mg,1.9877874303668692,0.7751124417754433,5.641001756694508,0.6821868626313379,4,2.696574965887895,4.276480003344226,2.4177282335996235,-1.5559675450940291,5,5.893429961702434,21.22732862063897,1.8048346366291308,111.90263349811363,-1.8590318422924892
Li,1.3576454184426576,2.307322777703357,3.018165170685526,1.823683181382776,3,2.49356505401732,4.037804977640889,4.029962748875791,-2.94242316953083,6,3.6112993773830673,18.27970313753707,2.6426972870665457,100.19847642255671,-3.063520477651216
Al,1.7329375691657198,2.1611091570374024,9.078107749249108,1.1379170951566464,1,2.1461295866460635,4.113116288953808,2.7511327107813086,-2.220560373764897,5,4.569988893584224,30.66290513783916,2.0798107602345417,109.28190318907008,-2.5040587105996943
Ca,2.4883410461131246,1.1381836850726867,3.5916190537647736,2.2327489555298667,6,2.6264543227356048,5.962948691208173,0.21706266427409582,-0.7191305306335951,6,3.8614138742537265,10.220231966416833,2.266913193301127,119.26998481775176,-2.5236053664071765
Ca,2.4418798485042585,3.338583628645071,7.180946575788014,0.6167394251269125,3,2.668235502399506,3.1203275742374474,3.1657568779701117,-2.5886708828130027,8,5.3785632571015185,10.306561305969012,2.2384882200017726,110.38064560259097,-2.7624356595631934
Na,1.6161215837047784,2.8438881514136076,9.903798971067706,2.3633696661434773,5,2.270907441787587,5.6010944883673455,4.757016711033285,-1.394069605642225,7,4.732780097643472,18.76275236407431,2.3659185438496966,113.55084534917907,-3.433501664318964
Si,2.085080461109799,0.840393806052344,6.756134521911328,1.811164595190417,3,2.59253332090918,4.736026225717181,3.008059100731656,-2.3543943839482875,5,4.903747252650911,11.468854500032846,2.7983657184368282,106.23727715833766,-1.9797456509266178
Ca,2.01762815367752,3.2927873170618778,9.468292313752032,0.34280190016706324,2,2.243678654173209,4.315846257568771,4.095944297133951,-2.9636376760683203,10,5.393742478847682,14.321030165227654,2.971109015375144,115.47982756305525,-3.3218612294615335
Na,2.2726652363717905,3.4227446256032303,4.65281573182183,1.243513752610883,1,2.200351929400751,5.17577298124541,4.421032316742039,-2.2763956272013757,6,4.187911417987364,23.554425973550064,2.1113763128607257,115.4584296375223,-3.5071305945271876
Li,1.5009236372111683,3.4877937260909873,8.3196878625631,2.590554421838871,2,2.0465284455379606,4.460006824274108,1.1403988597446624,-0.0723787352698384,4,5.7452702052211295,42.103427183192515,2.7412783831594547,110.42592095308278,-3.149036618660567
Mg,2.1797416951210877,0.6676134640320501,6.718860277814738,2.7688806953954543,2,2.381791598894103,5.620269714244982,1.0602241995411332,-0.5953886643510313,9,4.59908660173842,32.88194573477203,2.6467916919820764,119.52027646558427,-1.9902218195204378
Mg,2.957785716550018,2.7111066703730264,8.043612429740254,1.3971003669564395,5,0.8965127632326843,5.702105592033775,3.0549049442549587,-0.12127006703689958,4,3.473864468506044,30.506709038256655,2.3602934271833598,102.51100429525307,-2.7627829383544897
Mg,1.9734843059189102,2.1377473104949667,3.43638953757869,1.4425109342672207,1,2.702176897997321,4.265162780620367,2.0551423490335234,-1.5364378682209128,1,5.087697354506407,21.739552928324866,2.9340707154178998,100.33895329779162,-2.6490275034058954
Ca,2.812197575437108,2.617494451636084,4.034173643343587,2.7553641748179034,1,2.67960881936308,3.8304833917051546,4.1993065143336015,-2.6707914039674896,7,5.379784051314763,47.270148777312656,1.8007117732926041,115.40316423514192,-2.4521461053131586
Li,1.8687887310208573,3.405955831922405,3.931818500112348,1.7612046724097017,1,0.5731182075863979,4.777050985780087,4.500115616990056,-1.3561215330789211,7,3.95028503120258,25.880601649487666,1.6638963154644322,116.14311074729765,-3.227346658598079
Ca,1.7001568153893514,2.5640900305251173,7.810158537823318,0.09854001073031504,1,2.564541876411907,5.7370900368500735,1.7671068965135905,-1.6368679963201174,4,5.571537770996259,13.48371067183086,2.780942950433133,102.40414458241152,-3.31387107976769
Si,2.2902067240611297,3.0108916227121214,8.911084708435402,2.7382483886373867,1,0.822174668683613,3.631986567017,1.1843527948724102,-0.46692875178115223,3,5.7184297642973,34.68266064471205,2.1587247249506225,105.31165665917212,-2.361231378734172
Ca,2.3378481193261993,3.100606115932524,8.247313624060112,0.7446793282714557,5,1.3377971356478549,4.868899750690448,3.902627576219309,-2.705752257647266,8,3.830713462133427,14.553535739064056,2.7704532813105907,100.35104726733258,-3.433276662289
Li,2.7283351301438064,3.015442291291955,3.213305069135159,1.7328958622746415,3,2.3587706407290194,4.894680660277562,1.3740301777406805,-1.5352765889346656,5,5.950564418145666,23.808925712067683,2.8396353077931225,105.8661722156113,-3.1850665616292804
Li,1.4603705364831105,1.7782744251408233,9.070504867523063,0.49653995228392145,2,0.9018997401207705,5.199339067245843,4.113071592568392,-2.5498540059180472,10,3.422134584146275,30.296477548712353,1.5936863904286072,115.46283747837343,-3.02502711916728
Si,1.9983867597695046,1.1677292527130916,5.4790266955518785,0.10163748073978496,1,2.5449175602976553,3.3947030553817794,2.118691268243814,-2.02597221932982,7,3.60604700520747,44.96890098740703,2.825197144479091,110.35921055425158,-1.6392300584702855
Li,2.144008398418366,1.6899548058627556,5.7801468275285774,0.9344195133982722,3,2.580335444894355,5.147474894046265,3.337749496457352,-0.7879287678366009,4,3.5526745177140784,29.741863213604745,2.1724785830541333,106.96191186336576,-2.318797347683386
Li,2.537108028612618,3.17569072633033,3.7340841657273662,2.341487122638263,3,1.7686693344020905,5.727097561996922,0.4776765691733409,-1.5719456118937005,4,5.681969130023611,38.09035064126657,2.265648733506348,107.4347858981266,-3.3503338174195036
Mg,1.0872075435088675,0.9398144650760765,8.161836442656734,0.8327615178882544,2,0.515964679292084,3.539049326610726,3.119296623382865,-1.8723351445626921,8,4.962877656974886,49.712673559962816,2.4398887666398155,100.02707251430937,-1.941252826897146
Si,2.9891010215946823,2.039978506077179,4.275987149331707,0.6602916422432912,5,1.217595332937282,3.712629974771633,2.258838393686146,-1.816571164289894,8,3.4563128496668187,15.259564795919264,2.8895739100951303,105.99601055130472,-1.8628787519236671
K,1.939889027981886,1.1996842172735835,6.947755644131854,0.6380423530236788,4,2.0423172959393554,5.914185282124919,2.9330423158773704,-1.62165969478204,2,4.320970255105047,20.98926102078078,1.528674141644646,112.9291748327586,-2.6154652696630114
K,1.5591206835935172,2.243916251680347,8.884969901145517,1.5455210472204377,4,2.9529654450685587,3.5429308581284693,0.8400710387243171,-0.6449503684888294,2,4.845894075209406,25.783043023905854,2.2152652024767256,119.48388887632714,-2.242647693783428
Li,2.7669880445325177,3.0894155659670117,3.6244303009843932,2.926623947048269,3,2.079533817541671,5.563155280108737,3.6843687247209105,-0.3237459331792967,3,3.25039225496815,26.873127141553255,2.531583063645841,116.94121653967798,-2.9369628666415197
K,2.495437547794828,3.1410799059152503,6.747348948108664,1.3769669640510391,6,1.1495089526603994,4.476833569344104,4.3139853877161425,-0.13399594048821495,3,5.647249105222016,26.44084301062183,2.5840604365473427,100.47189929291058,-2.6930372189953906
K,2.9061436940479064,1.2100555810462361,4.632514880848609,1.6719161066701438,6,2.0850142577490285,3.741693223209531,1.0836990004538782,-0.6392898412341146,1,5.410810606324605,46.3044401022622,2.538798647305662,117.97121209349679,-1.303717516677689
Li,1.6615006093410274,3.2230811190456388,5.400488049947821,2.5818960536722018,2,1.8499634492896386,5.612249703817534,0.47857277760080863,-2.053779312755962,3,4.515620320729915,38.56130577867425,1.7016526941121828,115.66396826597251,-3.898657785228824
K,2.10552993367098,2.2756662164638533,6.317789590013893,1.6052091568009759,4,2.4496134878778593,4.3359157650079965,0.11819293023168198,-0.9355958817403733,6,5.9013798457775115,34.31620856362815,1.9490933825575218,115.60752247141961,-2.549880791349198
Ca,2.1445849383416764,1.5506547401009407,5.485730122955133,0.5533886142565683,3,0.7674515970673961,4.5444520617890705,3.2098575022163303,-1.6871906278338242,8,4.253282937825299,22.374908714511285,2.03807328812552,109.15991518007144,-2.1813501341359696
Na,2.9606631674320916,2.624543586749599,7.541759882041032,0.8987877352994311,5,2.40256975625507,4.077700108199297,3.035470180443904,-2.2359881338618464,10,5.952330957109494,42.95161536885179,2.7066558115192576,107.96010585909005,-2.4085945009767835
Si,1.1506925120122564,1.945000963892346,6.3570747122797515,0.9298107788058327,4,1.8531664466902757,4.778852554304782,2.73348706357035,-0.4773852617222323,6,5.003759996410881,48.202420459399555,1.9181398086218295,106.05831457666385,-2.5709496483512724
Na,1.6113940385743637,1.6339627703667634,7.089396392999185,1.1919543463727935,3,2.9074800096474864,3.4905716177550685,1.1597354805798772,-2.884720953113025,5,4.904013819761825,42.84793130200906,1.8160574458008047,101.31389717908732,-2.2979391292304223
Li,1.381822062300692,2.6152530928899798,8.15775732776439,1.2803667160102483,3,1.3546804150967153,4.173244609955282,1.9545299795275732,-0.29471402359372956,4,3.4978646858873548,10.062604207658916,2.936172028557144,104.56470726987398,-2.8604480195580564
Mg,1.5369497137803136,1.246172463290864,6.904195861653061,2.399346066222808,1,2.0815547328348702,5.9082369670058625,2.9723816759308654,-1.6155676061257975,3,5.645783274913931,35.45605480733628,1.5132949276702035,104.93207269956049,-2.8558972193594916
Si,1.9705597485526314,1.4907575870572956,7.105748042625313,1.048160997147999,5,2.8300702637750437,3.774400298103383,2.483834294295847,-1.0883955695751588,4,4.282469063761845,12.045415257684029,2.9967312835229674,109.68154139420403,-1.8362317854002597
Li,1.7453737341880986,1.803355533464814,6.951209797658489,1.404695485324138,1,0.7562743199766981,4.970209993623877,4.938927601074436,-1.0219382333826519,7,3.486700217347438,20.304288813348876,2.515231948286093,114.94888813193388,-2.624010615358018
Mg,1.7893829336189444,1.2610465216194162,5.651408381659025,1.8749279611531569,2,2.843071218091128,3.9755701926740845,0.6821987627836656,-0.31464677788039097,1,3.0378225599272772,12.380988013910867,2.7427039491736753,109.47619656795894,-1.8181152326505605
Na,2.6884262814526227,1.7156062603442512,5.362127837103427,1.1331778423205079,1,2.219714305752033,5.320419377059801,3.4757227702379687,-1.089990953498378,7,4.679267050915148,34.15181811797551,1.9419290945192897,101.15688898894321,-2.252999148444566
Li,2.8600336696216635,2.214419075615032,9.297531780015087,2.5096944398769985,1,0.6695926477629297,3.3926209821550497,2.0215938405214606,-1.1581992457198147,1,4.582198866368029,37.46359653970427,1.52147291650059,119.15579601976408,-1.8439165780661615
Si,1.1408322616990878,2.722921582732005,7.25288655605501,1.762360812702223,4,1.2524089173670405,5.909463135235634,2.1409980746280737,-2.80004387831793,2,5.1580608671074755,14.579505522636204,2.6068042778422953,118.85448638188225,-3.897525625649878
Si,1.4178374352307204,2.801584559325715,4.7104720882525815,0.8821340376629146,6,2.270430221613204,4.361368624150918,3.5879888282908814,-1.4447759341643878,4,5.670774159053407,25.353555321799178,2.7512168955010137,115.70379086296816,-2.9315305394249505
Al,2.342287033648101,2.9683710556300795,6.487733884942582,2.142177599369485,3,0.6683765036719292,3.708151390039392,3.4621807566218483,-2.549492997548875,1,3.2382197539290885,28.249460358221683,2.6107141979302786,119.8265580312844,-2.874802280896649
Ca,1.7172935625923278,2.732634970829894,5.312439368966398,1.5829431904343574,5,1.9554261504406831,3.220490241990038,4.956279968510941,-0.7876986938355435,11,5.194489471021087,24.762120870436664,1.714275430951258,110.88964665600525,-2.277544509928953
K,1.5083272981394775,2.543118281290727,9.535842766319123,1.6033676737717406,1,1.3647076423823918,3.5092737152626223,0.6419714472706262,-1.4633342375619764,11,3.5622358322927465,14.841000019407723,2.6301418833854537,119.25536700506413,-2.383472835373235
Mg,1.5905811768378775,1.2125194138774098,3.0527405419385234,1.443263845162758,5,2.0522887944186925,4.5593218456680535,0.5205482469208317,-0.9593166623749401,11,5.574531159471492,26.757911607499018,2.6533841731614616,101.51210081233502,-1.9627551062995792
Al,1.645101528477201,1.7006686786160745,4.577329583987698,1.491035846463747,6,0.6143550845312822,4.011009529293859,3.6216940856437057,-2.8749812981928473,9,5.457190541584968,40.04712191233672,2.4878107735050823,107.31361496522743,-2.532210312399521
K,2.697339589849349,1.9331446726406831,5.557497737718403,2.296068843198722,6,2.6788420153809405,5.4866500976478285,2.8919345850320455,-2.7456239518625902,6,4.622381264956633,12.840306581330218,2.6491738991933795,104.50762536013532,-2.924949643531894
K,1.2732426628840576,0.7486739650800627,6.4146686056611655,0.30894443799394655,1,2.933722422943492,4.292662570985418,1.3708033327990292,-0.8510298358119535,1,5.130728395869935,13.207200563276139,2.768882159516598,103.9166616826854,-1.8527327724176188
Li,2.417821993820237,2.0851103638916273,8.955722624853024,1.0030884339314465,2,2.9221946382142288,3.7461428177628897,0.397096844944933,-2.78374699200398,1,3.9430503395512453,24.19085167343937,2.4204061713561877,102.81605897785352,-2.348051404602942
K,2.1056399538158157,1.809007494819668,3.615213371781007,0.22651009141166767,1,2.374129579357312,4.8514349598120905,0.4282912479821527,-2.7862298167042243,6,4.413503696798443,47.669028464757005,1.6329070709545186,112.44827283131994,-2.631955901917655
Ca,1.593020287295597,2.9063277470802023,8.641054207188004,2.2597386622423525,4,0.8252156003265799,5.120331650656338,4.470954373320591,-2.9636745742953376,4,5.464910693131415,36.742905868916566,2.231441714500816,115.6264371149461,-3.715764531389732
Si,1.839561712892553,3.4337020062628127,3.3895744254988274,0.8169055641608983,3,2.3956579898225563,3.5011257237028497,0.9593366235937145,-0.13049580510155945,4,4.377795591519641,37.14679826690259,1.6164740020074075,111.56596798840721,-2.6195192483816943
Al,1.5124138871889161,2.1680151159277536,8.896198247087272,2.692291229456653,2,0.5614672911470038,3.502857648864953,1.6168578105776037,-0.7874749216229793,11,4.073394795976325,24.4767996335146,2.1113145465486465,102.93925419176419,-2.30063556836543
K,2.223027421731361,1.468059164832751,3.3614483451215897,1.5797353999778814,1,0.5553088788224931,3.110014280800629,1.13328201113494,-1.9402457744938075,6,4.4826373417509,33.74643164834154,2.1106597336884416,116.22247539866942,-1.800385711695738
Li,1.1631883608004807,0.6302023498945183,3.1276973699985273,2.402249314458363,5,1.309025547873853,5.209206045196922,1.7749815291596867,-2.1103932561370344,11,5.484747757311656,10.405247361109735,1.5990147662103624,112.71909414327457,-2.434248334499378
Ca,1.0103697255479736,3.273929990670788,7.878730236564951,2.9367943068478835,2,1.7216079760116645,4.991413582865415,0.34711921373046684,-1.9508903107624513,7,4.005624142112618,35.44384185638169,2.0232308009542193,107.76331412253991,-3.639611788805956
Na,2.255788829897272,3.257347145835978,9.98078874337876,2.519366578369712,2,2.426018544519483,4.423892627249442,2.595298954541352,-0.6760394064564546,9,3.5212847794072313,46.53147790304947,1.6664971481869721,113.48260591072126,-2.9216410255142495
Si,1.3885479070240845,1.2589705039677233,9.276271840818145,2.6009812800345706,1,2.2082384415162633,5.532511346907592,0.3380628179610745,-1.015888166788757,10,5.1360420609923425,34.50293873379277,2.7123528150138334,105.19809958485666,-2.5518935730998957
Si,1.1418818339998553,2.5862333693199426,7.03198892463962,1.2239534860945342,2,1.614756765941871,5.417010458850159,4.001782539111808,-2.444413296397596,5,5.477934638124245,44.947943738653805,2.9215320389467063,106.90384416988421,-3.495081111566401
Al,1.7935676544277768,0.7263036412693078,9.421769291598721,1.6551677857780192,5,1.1840666657041647,4.7560630931902566,1.1685604095521651,-2.477671993997747,9,3.3019124355705998,38.95892221864375,1.608474712886908,118.34971686263981,-2.0295705605386343
Si,1.1015370620787939,0.9986462957277588,3.037100044783238,0.7616656921299129,6,2.992811250394278,5.604813841539776,2.700059573022553,-2.704813050859808,4,3.7196223382678344,14.822336656147609,2.932672810937552,105.8100901134284,-2.9447754911440085
K,2.77323429790132,1.1504273197594737,9.825470140615998,0.5883392990803584,2,1.5654532555899323,3.6175236301103046,4.400395437807291,-1.0190918408959857,10,3.4259159692829817,46.09813229143367,2.283864899005118,109.39976536315874,-1.4580476434770733
Li,1.0552335437474094,1.3834818405182896,6.435241454811491,1.5165236373181012,6,1.6284675608241888,3.3357588581931834,3.2543868452359708,-0.7068820133347922,2,4.0438242347465,12.657753774230995,1.949348516930811,117.80282274792029,-1.9510979962397432
Si,2.157729791015117,3.487494125088112,8.06027267635243,1.7851469391012618,5,0.909059552979173,3.809248834550969,2.6647889327566765,-2.2048607150249877,3,4.351052936716238,31.35869890191055,1.6152931129142454,114.15442700535056,-3.1712791218568954
Si,1.876948246036174,2.5907751675914445,8.746030312073469,1.0178137376885728,1,2.4870238718748237,3.1712605682679444,1.621668765576878,-2.9371651169072615,11,5.246479010889919,15.685484951738307,2.250936402105627,101.24406452329406,-2.4632622905331396
Na,2.3440522705903986,1.6526054941376598,8.029200895855876,1.708330553290501,3,2.2342055644537213,4.5935085840030965,1.6650095652909895,-2.753484997570718,1,4.953442754645023,10.468264429236163,2.691773316736123,102.94606088557941,-2.6626970333026576
Na,1.6563053349494639,2.7113021175290575,6.7452571243143735,2.662381447540509,2,1.051924031971901,5.809817076884885,3.3474347759909504,-0.09641989546490848,6,4.862785702435294,26.88137040510556,2.5606297159000473,100.15683181543834,-3.080195419561505
Mg,1.3100832334554884,3.245763025007319,6.336336388884884,1.6701647543500981,3,0.7059526140396067,3.118030622005529,4.970696806105837,-2.113665667567739,6,4.057124839828964,21.80162830616625,1.5753390171959607,112.61843580458327,-2.986646027707987
Ca,2.963681776621062,3.3761072222235384,8.870077910918374,2.1624392889315196,5,2.2012482551867825,3.3663297420300804,3.309195949246893,-0.692330556485599,1,5.52434265925428,29.44001975190412,1.6093527530518552,108.95346850820837,-2.3524677060205432
K,2.6778670041387267,0.6735916932731222,4.435542921046213,2.4159449020737154,2,2.136278035702838,4.356597084850305,2.7889170868501245,-1.1260092934372086,11,4.413861502194494,33.08799546938204,2.1043099239489558,102.68549701804551,-1.5164319835235052
Si,2.7208092366233503,1.6835653958243895,9.77595846552964,2.9661863458663285,6,1.1831488174955234,5.801625052583715,3.6532525511962306,-1.8541810810413124,3,5.937314814045464,11.749562892357893,1.9429357410719148,119.15868242113541,-2.7873916191235897
Si,1.500502721031728,0.8202681978076531,7.9766673518572375,1.8095922065309389,4,2.877158905626026,3.9484683149302517,2.3260280614185906,-2.382938213413335,5,4.902426414887211,14.920131804949825,1.8485764845840718,110.5931944789124,-1.9227602757531186
Li,1.0776694688588464,1.5069801943908896,4.396548491368238,2.420550446887758,3,0.8776447294522506,4.5217044260651775,0.3007117130039261,-2.6358407455217807,3,3.3787942246935083,32.34569585801701,1.9215067483630703,104.83786588225779,-2.5847047808699406
Mg,1.6065310293464456,1.0090397116866967,8.153730285889417,2.887947955664624,2,1.5808370026065048,3.1247185771511763,2.8114840793895493,-1.1549610958834,10,5.028532686226302,23.72669412690633,2.705224114945327,110.01207142309416,-1.569183412831879
Ca,2.074164854393311,2.4405450850061716,6.708880162267817,2.8332291767318205,3,2.859039800418997,3.4450296028862666,4.788126422526901,-0.6760986580866359,3,3.975312046295097,39.16693950197792,2.893842080447781,113.59240665470216,-2.154478442873389
Mg,1.6533024835920818,1.6648051519696165,7.950610669511112,0.4232455463331407,2,1.5493182923153057,5.959890368876541,0.8765147117882982,-1.068287239376608,10,5.058981590058292,36.09166594367758,2.1076540417913496,101.52478435947128,-2.9503575070615113
Al,2.6557380075751773,1.188184237114849,8.374456510099872,1.219176924820566,1,2.0963148691602136,5.8953560893081365,3.4500244541033287,-1.409093600252525,3,3.2089234444872172,43.82417451959627,2.859166503198746,105.49407630095784,-2.3832261957093674
Ca,1.5430858316394838,1.2978137748927168,3.611031257127728,0.9719701833203989,6,1.4939859949069856,3.014819942803229,1.0046684432952824,-2.8741463297050913,5,3.524644311527878,37.69971306676901,1.9822435518718229,116.13930981767987,-1.9820868089124088
Si,2.9305036607815396,1.5810352856158048,6.542727694515429,0.26077504485104797,3,1.1855380058716751,5.855435356269717,2.6791384223654062,-0.09453366721684864,5,5.567211776717359,27.197243095605927,2.214655479515687,109.19329740805323,-2.133721679419438
Si,1.914530323227457,1.279849588562788,9.524100395798538,1.8997223247328816,4,2.9599441198995704,4.917359813446501,0.4833822482335981,-0.603857425036276,4,3.6815386710705447,36.9186648957773,1.8390434967239995,110.9315428406459,-2.0386187160428197
Ca,2.6840461500239625,1.859722540486493,5.2444953451166,2.207713839588007,4,1.5233350157876075,5.603754883560066,2.2518546812909257,-2.1215338898971057,1,5.51112337572882,21.01524697021674,2.460714063263766,108.65632004418939,-2.9090023919990156
Si,1.388760067989746,0.5969478533289514,7.157181682905292,2.5443842864006507,5,2.735248009197836,4.3642195669015775,3.7808166444762303,-0.060089011923448066,5,3.8378282653632314,22.252539951128508,2.968471672762213,100.8779988528601,-1.5874547188553896
K,1.8227078101133571,1.3392905215068371,5.584613370569273,0.3683306689881255,2,1.0748865147277153,4.5467880857377505,1.7378576211949104,-1.1943552310910337,10,4.9286457301761235,41.55940639683173,2.405239644065068,103.31499559640312,-2.028385274501768
Ca,2.3990244215343877,1.7336201626165586,6.1798758055336975,2.6293322276258815,3,1.0327617600627081,4.46653974077076,3.32455862243609,-1.2527320253782606,5,5.082451720529493,27.856780656063286,2.036721126170323,108.91083277483781,-2.233743150808608
Mg,1.2767061848356027,2.3083456460698955,6.840221825567072,1.9287766908427597,5,0.5778352072112785,5.0005927726383135,3.977249803948646,-0.7557804617114039,4,4.537964259435158,41.9352136207341,2.471726168985793,104.18370930815856,-2.9519806561612287
Ca,1.2654908444859396,1.3128729275453896,6.842453859222841,2.1118384054155284,3,2.129167063439713,3.418953764268939,4.635889097397263,-0.5646906357295873,6,3.915932030090194,42.89689494673114,1.6843810176980814,100.99958057319357,-1.810112543065702
Si,2.9390737342283177,0.8995553756712491,4.412113236311651,2.731872010620912,2,1.4213158593094029,3.089920769618034,1.1732104092772677,-1.0305641780054922,10,3.6379331291132884,44.30249350645135,2.832988620398098,116.87299328103647,-1.0608442725677918
K,2.429190208359904,0.7286011387974894,7.7920008351588335,1.8742838131297532,4,2.6608956245990925,3.9237898247735727,1.9965795790465406,-2.6157127609014,4,3.0995680636872787,46.66540943364829,2.2546259261697545,119.62385058328232,-1.8950471441715875
K,1.0821350335357516,3.3215954814061504,3.615076778698598,1.0075975714495051,1,1.683024766728893,5.11404228820994,0.7620800666520872,-1.9851974820165048,7,3.911839203722171,27.23940882053185,2.174024613059463,115.86285747993479,-3.911645137476132
Al,1.797641802889589,1.7499171732154375,3.9717734140941428,2.475321994267979,4,2.9204835697868043,3.605560356368845,4.962417510791876,-0.21574907902185103,7,4.959488371593849,22.754672732845552,2.3787971826802785,117.07569843409334,-1.8132926322190273
Mg,1.867041475161484,2.243487863542479,3.0189762959003077,1.0891776365852714,5,0.9638137892578029,5.020297299974752,4.635004839621477,-2.3261531644684443,2,5.814914455345448,33.28794986376455,2.4371757941841037,104.83954260634091,-2.8836212446411063
Na,2.4880852859982308,3.2575296555066786,3.816872448991769,0.10268433246158737,6,2.671557919889027,5.909736138321811,2.699785651402798,-1.8834989284874601,3,5.613613446789156,24.846896937505104,1.6076637093397697,119.212539510264,-3.684269564231915
Na,1.5017210546933224,0.7482452601059184,6.312163407363245,2.4919635196957493,1,2.4414921319793543,3.281702147368255,4.210166471882106,-1.703769351167412,1,5.2981943296059075,34.042966672009314,2.5239258318351037,103.93851408906856,-1.6413167731206026
Ca,1.36866734866274,3.129984457777378,7.24271316739087,1.0355764346438268,5,2.42730461161013,5.017806354675379,2.604789886360211,-1.6817850309166436,8,5.365342029759896,38.223434505752984,1.8628975204732945,119.02859620723665,-3.3277194653012745
